{
  "initialization_time": 2.565697193145752,
  "execution_time": 15.565868854522705,
  "total_time": 18.131566047668457
}