{
  "initialization_time_planning": 2.769247055053711,
  "execution_time_planning": 28.159913063049316,
  "total_time": 30.929160118103027
}