{
  "initialization_time_control": 2.559333562850952,
  "execution_time_control": 38.09457349777222,
  "total_time": 40.65390706062317
}