{
  "initialization_time_control": 2.679663896560669,
  "execution_time_control": 50.173346281051636,
  "total_time": 52.853010177612305
}