{
  "initialization_time_control": 2.525566339492798,
  "execution_time_control": 62.62799572944641,
  "total_time": 65.15356206893921
}