{
  "initialization_time_control": 2.551469326019287,
  "execution_time_control": 20.033390522003174,
  "total_time": 22.58485984802246
}