{
  "initialization_time_control": 2.494784355163574,
  "execution_time_control": 37.7239248752594,
  "total_time": 40.218709230422974
}