{
  "initialization_time": 2.57074236869812,
  "execution_time": 20.598236322402954,
  "total_time": 23.168978691101074
}