{
  "initialization_time_planning": 3.521932601928711,
  "execution_time_planning": 40.80323505401611,
  "total_time": 44.325167655944824
}